{"version":2,"data_type":"alpr_results","epoch_time":1438260782728,"img_width":2592,"img_height":1944,"processing_time_ms":1037.661987,"regions_of_interest":[{"x":0,"y":0,"width":2592,"height":1944}],"results":[{"plate":"KN62TGZ","confidence":93.296371,"matches_template":0,"plate_index":0,"region":"","region_confidence":0,"processing_time_ms":368.162994,"requested_topn":0,"coordinates":[{"x":686,"y":874},{"x":2157,"y":874},{"x":2129,"y":1173},{"x":714,"y":1173}],"candidates":[{"plate":"KN62TGZ","confidence":93.296371,"matches_template":0},{"plate":"KNG2TGZ","confidence":87.084091,"matches_template":0},{"plate":"KNS2TGZ","confidence":86.274406,"matches_template":0},{"plate":"KNB2TGZ","confidence":86.253288,"matches_template":0},{"plate":"KN62T0Z","confidence":85.872093,"matches_template":0},{"plate":"KN62TCZ","confidence":85.310814,"matches_template":0},{"plate":"KNG2T0Z","confidence":79.659805,"matches_template":0},{"plate":"KNG2TCZ","confidence":79.098534,"matches_template":0},{"plate":"KNS2T0Z","confidence":78.850136,"matches_template":0},{"plate":"KNB2T0Z","confidence":78.829010,"matches_template":0}]}]}
