{"version":2,"data_type":"alpr_results","epoch_time":1438204743212,"img_width":2592,"img_height":1944,"processing_time_ms":1997.598267,"regions_of_interest":[{"x":0,"y":0,"width":2592,"height":1944}],"results":[{"plate":"KN62TGZ","confidence":91.999954,"matches_template":0,"plate_index":0,"region":"","region_confidence":0,"processing_time_ms":711.047424,"requested_topn":0,"coordinates":[{"x":888,"y":856},{"x":1947,"y":813},{"x":1966,"y":1043},{"x":907,"y":1090}],"candidates":[{"plate":"KN62TGZ","confidence":91.999954,"matches_template":0},{"plate":"KNG2TGZ","confidence":90.855911,"matches_template":0},{"plate":"KNS2TGZ","confidence":88.82151,"matches_template":0},{"plate":"KNB2TGZ","confidence":88.65287,"matches_template":0},{"plate":"KN52TGZ","confidence":85.79895,"matches_template":0},{"plate":"KNC2TGZ","confidence":85.637665,"matches_template":0},{"plate":"KN2TGZ","confidence":85.16761,"matches_template":0},{"plate":"KN62T0Z","confidence":84.451401,"matches_template":0},{"plate":"KNG2T0Z","confidence":83.307365,"matches_template":0},{"plate":"KNS2T0Z","confidence":81.272957,"matches_template":0}]}],"dvla":{"make":"MINI","model":"Cooper","dateOfFirstRegistration":"07 November 2012","yearOfManufacture":"2012","cylinderCapacity":"1598cc","co2Emissions":"127 g\/km","fuelType":"PETROL","taxStatus":"Tax not due","colour":"RED","typeApproval":"M1","wheelPlan":"2 AXLE RIGID BODY","revenueWeight":"Not available","taxDetails":"Tax due: 01 November 2015","motDetails":"No details held by DVLA","taxed":true,"mot":true}}
