{"version":2,"data_type":"alpr_results","epoch_time":1438197242776,"img_width":2592,"img_height":1944,"processing_time_ms":974.289368,"regions_of_interest":[{"x":0,"y":0,"width":2592,"height":1944}],"results":[{"plate":"KN62TGZ","confidence":91.215256,"matches_template":0,"plate_index":0,"region":"","region_confidence":0,"processing_time_ms":358.522491,"requested_topn":0,"coordinates":[{"x":889,"y":855},{"x":1957,"y":811},{"x":1976,"y":1047},{"x":908,"y":1094}],"candidates":[{"plate":"KN62TGZ","confidence":91.215256,"matches_template":0},{"plate":"KNG2TGZ","confidence":88.392570,"matches_template":0},{"plate":"KNS2TGZ","confidence":85.867203,"matches_template":0},{"plate":"KNB2TGZ","confidence":85.379166,"matches_template":0},{"plate":"KN62T0Z","confidence":83.453979,"matches_template":0},{"plate":"KN2TGZ","confidence":81.304192,"matches_template":0},{"plate":"KNG2T0Z","confidence":80.631294,"matches_template":0},{"plate":"KNS2T0Z","confidence":78.105927,"matches_template":0},{"plate":"KNB2T0Z","confidence":77.617889,"matches_template":0},{"plate":"KN2T0Z","confidence":73.542915,"matches_template":0}]}]}
